"label","start","build","backend","model","width","height","steps","sampler","extra_args","rep","cond_s","sampling_s","decode_s","wall_s","steps_per_s","params_mb","unet_buffer_mb","unet_cpu_buffer_mb","vae_buffer_mb","vae_cpu_buffer_mb","exit_code"
"512-euler_a-20","2026-10-05T11:38:20","3f8527a","rocm","v1-5-pruned-emaonly-fp16","512","512","20","euler_a","","1","0.73","7.57","0.9","9.68","2.642","2035","559.9",,"1664.06",,"0"
"512-euler_a-20","2026-10-05T11:38:29","3f8527a","rocm","v1-5-pruned-emaonly-fp16","512","512","20","euler_a","","2","0.73","7.57","0.91","9.66","2.642","2035","559.9",,"1664.06",,"0"
"512-euler_a-20","2026-10-05T11:38:39","3f8527a","rocm","v1-5-pruned-emaonly-fp16","512","512","20","euler_a","","3","0.72","7.59","0.91","9.71","2.635","2035","559.9",,"1664.06",,"0"
"512-euler_a-20-fa","2026-10-05T11:38:49","3f8527a","rocm","v1-5-pruned-emaonly-fp16","512","512","20","euler_a","--diffusion-fa","1","0.74","6.05","0.9","8.17","3.306","2035","127.68",,"1664.06",,"0"
"512-euler_a-20-fa","2026-10-05T11:38:57","3f8527a","rocm","v1-5-pruned-emaonly-fp16","512","512","20","euler_a","--diffusion-fa","2","0.74","6.07","0.89","8.17","3.295","2035","127.68",,"1664.06",,"0"
"512-euler_a-20-fa","2026-10-05T11:39:05","3f8527a","rocm","v1-5-pruned-emaonly-fp16","512","512","20","euler_a","--diffusion-fa","3","0.72","6.16","0.9","8.25","3.247","2035","127.68",,"1664.06",,"0"
"512-dpmpp2m-20","2026-10-05T11:39:13","3f8527a","rocm","v1-5-pruned-emaonly-fp16","512","512","20","dpm++2m","","1","0.73","7.61","0.91","9.72","2.628","2035","559.9",,"1664.06",,"0"
"512-dpmpp2m-20","2026-10-05T11:39:23","3f8527a","rocm","v1-5-pruned-emaonly-fp16","512","512","20","dpm++2m","","2","0.73","7.59","0.9","9.69","2.635","2035","559.9",,"1664.06",,"0"
"512-dpmpp2m-20","2026-10-05T11:39:33","3f8527a","rocm","v1-5-pruned-emaonly-fp16","512","512","20","dpm++2m","","3","0.73","7.57","0.91","9.68","2.642","2035","559.9",,"1664.06",,"0"
"768-euler_a-20","2026-10-05T11:39:42","3f8527a","rocm","v1-5-pruned-emaonly-fp16","768","768","20","euler_a","","1","0.73","26.16","1.62","29.02","0.765","2035","2690.33",,"3744.14",,"0"
"768-euler_a-20","2026-10-05T11:40:11","3f8527a","rocm","v1-5-pruned-emaonly-fp16","768","768","20","euler_a","","2","0.74","26.02","1.62","28.87","0.769","2035","2690.33",,"3744.14",,"0"
"768-euler_a-20","2026-10-05T11:40:40","3f8527a","rocm","v1-5-pruned-emaonly-fp16","768","768","20","euler_a","","3","0.73","26.21","1.63","29.06","0.763","2035","2690.33",,"3744.14",,"0"
"768-euler_a-20-fa-vaedirect","2026-10-05T11:41:09","3f8527a","rocm","v1-5-pruned-emaonly-fp16","768","768","20","euler_a","--diffusion-fa --vae-conv-direct","1","0.73","16.98","17.91","36.12","1.178","2035","281.51",,"1584.14",,"0"
"768-euler_a-20-fa-vaedirect","2026-10-05T11:41:46","3f8527a","rocm","v1-5-pruned-emaonly-fp16","768","768","20","euler_a","--diffusion-fa --vae-conv-direct","2","0.74","17.01","17.87","36.13","1.176","2035","281.51",,"1584.14",,"0"
"768-euler_a-20-fa-vaedirect","2026-10-05T11:42:22","3f8527a","rocm","v1-5-pruned-emaonly-fp16","768","768","20","euler_a","--diffusion-fa --vae-conv-direct","3","0.74","17","17.87","36.12","1.176","2035","281.51",,"1584.14",,"0"
"768-euler_a-20-fa","2026-10-05T11:43:17","3f8527a","rocm","v1-5-pruned-emaonly-fp16","768","768","20","euler_a","--diffusion-fa","1","0.73","17.03","1.62","19.91","1.174","2035","281.51",,"3744.14",,"0"
"768-euler_a-20-fa","2026-10-05T11:43:37","3f8527a","rocm","v1-5-pruned-emaonly-fp16","768","768","20","euler_a","--diffusion-fa","2","0.73","16.97","1.62","19.83","1.179","2035","281.51",,"3744.14",,"0"
"768-euler_a-20-fa","2026-10-05T11:43:57","3f8527a","rocm","v1-5-pruned-emaonly-fp16","768","768","20","euler_a","--diffusion-fa","3","0.74","16.98","1.62","19.84","1.178","2035","281.51",,"3744.14",,"0"
