"label","start","build","backend","model","width","height","steps","sampler","extra_args","rep","cond_s","sampling_s","decode_s","wall_s","steps_per_s","params_mb","unet_buffer_mb","exit_code"
"512-euler_a-20","2026-10-04T19:10:50","3f8527a","vulkan","v1-5-pruned-emaonly-fp16","512","512","20","euler_a","","1","0.28","9.68","0.87","11.18","2.066","2035","559.9","0"
"512-euler_a-20","2026-10-04T19:11:01","3f8527a","vulkan","v1-5-pruned-emaonly-fp16","512","512","20","euler_a","","2","0.28","9.59","0.87","11.09","2.086","2035","559.9","0"
"512-euler_a-20","2026-10-04T19:11:12","3f8527a","vulkan","v1-5-pruned-emaonly-fp16","512","512","20","euler_a","","3","0.27","9.59","0.86","11.06","2.086","2035","559.9","0"
"512-euler_a-20-fa","2026-10-04T19:11:23","3f8527a","vulkan","v1-5-pruned-emaonly-fp16","512","512","20","euler_a","--diffusion-fa","1","0.28","18.27","0.86","19.76","1.095","2035","123.07","0"
"512-euler_a-20-fa","2026-10-04T19:11:43","3f8527a","vulkan","v1-5-pruned-emaonly-fp16","512","512","20","euler_a","--diffusion-fa","2","0.27","15.48","0.86","16.97","1.292","2035","123.07","0"
"512-euler_a-20-fa","2026-10-04T19:12:00","3f8527a","vulkan","v1-5-pruned-emaonly-fp16","512","512","20","euler_a","--diffusion-fa","3","0.29","15.46","0.86","16.95","1.294","2035","123.07","0"
"512-dpmpp2m-20","2026-10-04T19:12:17","3f8527a","vulkan","v1-5-pruned-emaonly-fp16","512","512","20","dpm++2m","","1","0.29","9.36","0.86","10.85","2.137","2035","559.9","0"
"512-dpmpp2m-20","2026-10-04T19:12:27","3f8527a","vulkan","v1-5-pruned-emaonly-fp16","512","512","20","dpm++2m","","2","0.29","9.56","0.86","11.05","2.092","2035","559.9","0"
"512-dpmpp2m-20","2026-10-04T19:12:38","3f8527a","vulkan","v1-5-pruned-emaonly-fp16","512","512","20","dpm++2m","","3","0.27","9.55","0.86","11.01","2.094","2035","559.9","0"
"768-euler_a-20","2026-10-04T19:12:49","3f8527a","vulkan","v1-5-pruned-emaonly-fp16","768","768","20","euler_a","","1","0.28","289.44","6.47","296.61","0.069","2035","2626.12","0"
"768-euler_a-20","2026-10-04T19:17:46","3f8527a","vulkan","v1-5-pruned-emaonly-fp16","768","768","20","euler_a","","2","0.28","286.8","6.31","293.79","0.07","2035","2626.12","0"
"768-euler_a-20","2026-10-04T19:22:40","3f8527a","vulkan","v1-5-pruned-emaonly-fp16","768","768","20","euler_a","","3","0.27","293.12","6.68","300.47","0.068","2035","2626.12","0"
