label,start,comfyui,torch,device,server_args,width,height,steps,sampler,rep,steps_per_s,sampling_s,decode_s,total_s
512-euler_a-20,2026-10-05T12:16:12,0.38.0,2.9.1+rocm7.13.0,cuda:0 AMD Radeon RX 6700 XT : native,,512,512,20,euler_ancestral,1,0.7092198581560284,28.83,84.07,114.63
512-euler_a-20,2026-10-05T12:16:17,0.38.0,2.9.1+rocm7.13.0,cuda:0 AMD Radeon RX 6700 XT : native,,512,512,20,euler_ancestral,2,6.98,3.31,0.26,4.38
512-euler_a-20,2026-10-05T12:16:21,0.38.0,2.9.1+rocm7.13.0,cuda:0 AMD Radeon RX 6700 XT : native,,512,512,20,euler_ancestral,3,7.03,3.28,0.26,4.51
512-dpmpp2m-20,2026-10-05T12:16:26,0.38.0,2.9.1+rocm7.13.0,cuda:0 AMD Radeon RX 6700 XT : native,,512,512,20,dpmpp_2m,1,7.01,3.29,0.26,4.44
512-dpmpp2m-20,2026-10-05T12:16:30,0.38.0,2.9.1+rocm7.13.0,cuda:0 AMD Radeon RX 6700 XT : native,,512,512,20,dpmpp_2m,2,7.07,3.26,0.26,4.41
512-dpmpp2m-20,2026-10-05T12:16:35,0.38.0,2.9.1+rocm7.13.0,cuda:0 AMD Radeon RX 6700 XT : native,,512,512,20,dpmpp_2m,3,7.05,3.26,0.26,4.44
768-euler_a-20,2026-10-05T12:20:45,0.38.0,2.9.1+rocm7.13.0,cuda:0 AMD Radeon RX 6700 XT : native,,768,768,20,euler_ancestral,1,0.3076923076923077,65.54,183.29,249.77
768-euler_a-20,2026-10-05T12:20:56,0.38.0,2.9.1+rocm7.13.0,cuda:0 AMD Radeon RX 6700 XT : native,,768,768,20,euler_ancestral,2,2.27,9.23,1.14,11.27
768-euler_a-20,2026-10-05T12:21:08,0.38.0,2.9.1+rocm7.13.0,cuda:0 AMD Radeon RX 6700 XT : native,,768,768,20,euler_ancestral,3,2.27,9.26,1.11,11.23
512-euler_a-20-pytorch-xattn,2026-10-05T12:21:59,0.38.0,2.9.1+rocm7.13.0,cuda:0 AMD Radeon RX 6700 XT : native,--use-pytorch-cross-attention,512,512,20,euler_ancestral,1,4.82,4.7,0.43,6.65
512-euler_a-20-pytorch-xattn,2026-10-05T12:22:05,0.38.0,2.9.1+rocm7.13.0,cuda:0 AMD Radeon RX 6700 XT : native,--use-pytorch-cross-attention,512,512,20,euler_ancestral,2,5.38,4.09,0.27,5.13
512-euler_a-20-pytorch-xattn,2026-10-05T12:22:10,0.38.0,2.9.1+rocm7.13.0,cuda:0 AMD Radeon RX 6700 XT : native,--use-pytorch-cross-attention,512,512,20,euler_ancestral,3,5.45,4.09,0.26,5.25
512-dpmpp2m-20-pytorch-xattn,2026-10-05T12:22:15,0.38.0,2.9.1+rocm7.13.0,cuda:0 AMD Radeon RX 6700 XT : native,--use-pytorch-cross-attention,512,512,20,dpmpp_2m,1,5.44,4.09,0.26,5.19
512-dpmpp2m-20-pytorch-xattn,2026-10-05T12:22:21,0.38.0,2.9.1+rocm7.13.0,cuda:0 AMD Radeon RX 6700 XT : native,--use-pytorch-cross-attention,512,512,20,dpmpp_2m,2,5.44,4.07,0.26,5.17
512-dpmpp2m-20-pytorch-xattn,2026-10-05T12:22:26,0.38.0,2.9.1+rocm7.13.0,cuda:0 AMD Radeon RX 6700 XT : native,--use-pytorch-cross-attention,512,512,20,dpmpp_2m,3,5.47,4.07,0.26,5.19
768-euler_a-20-pytorch-xattn,2026-10-05T12:22:46,0.38.0,2.9.1+rocm7.13.0,cuda:0 AMD Radeon RX 6700 XT : native,--use-pytorch-cross-attention,768,768,20,euler_ancestral,1,1.16,17.6,1.61,20.2
768-euler_a-20-pytorch-xattn,2026-10-05T12:23:08,0.38.0,2.9.1+rocm7.13.0,cuda:0 AMD Radeon RX 6700 XT : native,--use-pytorch-cross-attention,768,768,20,euler_ancestral,2,1.05,19.54,1.17,21.54
768-euler_a-20-pytorch-xattn,2026-10-05T12:23:29,0.38.0,2.9.1+rocm7.13.0,cuda:0 AMD Radeon RX 6700 XT : native,--use-pytorch-cross-attention,768,768,20,euler_ancestral,3,1.1,18.61,1.3,20.8
512-euler_a-20-split-xattn,2026-10-05T12:23:44,0.38.0,2.9.1+rocm7.13.0,cuda:0 AMD Radeon RX 6700 XT : native,--use-split-cross-attention,512,512,20,euler_ancestral,1,5.54,4.14,0.38,5.97
512-euler_a-20-split-xattn,2026-10-05T12:23:49,0.38.0,2.9.1+rocm7.13.0,cuda:0 AMD Radeon RX 6700 XT : native,--use-split-cross-attention,512,512,20,euler_ancestral,2,6.28,3.56,0.25,4.57
512-euler_a-20-split-xattn,2026-10-05T12:23:54,0.38.0,2.9.1+rocm7.13.0,cuda:0 AMD Radeon RX 6700 XT : native,--use-split-cross-attention,512,512,20,euler_ancestral,3,6.34,3.55,0.26,4.61
512-dpmpp2m-20-split-xattn,2026-10-05T12:23:58,0.38.0,2.9.1+rocm7.13.0,cuda:0 AMD Radeon RX 6700 XT : native,--use-split-cross-attention,512,512,20,dpmpp_2m,1,6.33,3.56,0.25,4.6
512-dpmpp2m-20-split-xattn,2026-10-05T12:24:03,0.38.0,2.9.1+rocm7.13.0,cuda:0 AMD Radeon RX 6700 XT : native,--use-split-cross-attention,512,512,20,dpmpp_2m,2,6.36,3.55,0.25,4.54
512-dpmpp2m-20-split-xattn,2026-10-05T12:24:08,0.38.0,2.9.1+rocm7.13.0,cuda:0 AMD Radeon RX 6700 XT : native,--use-split-cross-attention,512,512,20,dpmpp_2m,3,6.38,3.55,0.26,4.59
768-euler_a-20-split-xattn,2026-10-05T12:24:27,0.38.0,2.9.1+rocm7.13.0,cuda:0 AMD Radeon RX 6700 XT : native,--use-split-cross-attention,768,768,20,euler_ancestral,1,1.19,17.24,1.32,19.37
768-euler_a-20-split-xattn,2026-10-05T12:24:55,0.38.0,2.9.1+rocm7.13.0,cuda:0 AMD Radeon RX 6700 XT : native,--use-split-cross-attention,768,768,20,euler_ancestral,2,0.819672131147541,24.89,1.59,27.24
768-euler_a-20-split-xattn,2026-10-05T12:25:22,0.38.0,2.9.1+rocm7.13.0,cuda:0 AMD Radeon RX 6700 XT : native,--use-split-cross-attention,768,768,20,euler_ancestral,3,0.819672131147541,24.83,1.58,27.21
512-euler_a-20-fp16vae,2026-10-05T12:26:56,0.38.0,2.9.1+rocm7.13.0,cuda:0 AMD Radeon RX 6700 XT : native,--fp16-vae,512,512,20,euler_ancestral,1,6.14,3.79,79.93,85.13
512-euler_a-20-fp16vae,2026-10-05T12:27:00,0.38.0,2.9.1+rocm7.13.0,cuda:0 AMD Radeon RX 6700 XT : native,--fp16-vae,512,512,20,euler_ancestral,2,7.01,3.22,0.16,4.13
512-euler_a-20-fp16vae,2026-10-05T12:27:05,0.38.0,2.9.1+rocm7.13.0,cuda:0 AMD Radeon RX 6700 XT : native,--fp16-vae,512,512,20,euler_ancestral,3,7.07,3.23,0.16,4.22
512-dpmpp2m-20-fp16vae,2026-10-05T12:27:09,0.38.0,2.9.1+rocm7.13.0,cuda:0 AMD Radeon RX 6700 XT : native,--fp16-vae,512,512,20,dpmpp_2m,1,7.04,3.24,0.15,4.22
512-dpmpp2m-20-fp16vae,2026-10-05T12:27:13,0.38.0,2.9.1+rocm7.13.0,cuda:0 AMD Radeon RX 6700 XT : native,--fp16-vae,512,512,20,dpmpp_2m,2,7.08,3.23,0.16,4.18
512-dpmpp2m-20-fp16vae,2026-10-05T12:27:17,0.38.0,2.9.1+rocm7.13.0,cuda:0 AMD Radeon RX 6700 XT : native,--fp16-vae,512,512,20,dpmpp_2m,3,7.1,3.22,0.16,4.21
768-euler_a-20-fp16vae,2026-10-05T12:30:40,0.38.0,2.9.1+rocm7.13.0,cuda:0 AMD Radeon RX 6700 XT : native,--fp16-vae,768,768,20,euler_ancestral,1,2.2,9.52,191.72,202.12
768-euler_a-20-fp16vae,2026-10-05T12:30:50,0.38.0,2.9.1+rocm7.13.0,cuda:0 AMD Radeon RX 6700 XT : native,--fp16-vae,768,768,20,euler_ancestral,2,2.27,9.18,0.32,10.29
768-euler_a-20-fp16vae,2026-10-05T12:31:01,0.38.0,2.9.1+rocm7.13.0,cuda:0 AMD Radeon RX 6700 XT : native,--fp16-vae,768,768,20,euler_ancestral,3,2.27,9.2,0.33,10.36
