"date","tool","tool_version","backend","os","gpu_driver","model","quant","config","workload","metric","value","vram_mb","status","notes"
"2026-09-30","llama.cpp","b11146","vulkan","win11","32.0.21045.5002","Qwen3-30B-A3B","Q4_K_M","ngl=0 nopo=1","pp512","tok/s","89.38","","ok",""
"2026-09-30","llama.cpp","b11146","vulkan","win11","32.0.21045.5002","Qwen3-30B-A3B","Q4_K_M","ngl=0 nopo=1","tg128","tok/s","20.63","","ok",""
"2026-09-30","llama.cpp","b11146","vulkan","win11","32.0.21045.5002","Qwen3-30B-A3B","Q4_K_M","ngl=0","pp512","tok/s","223.36","","ok",""
"2026-09-30","llama.cpp","b11146","vulkan","win11","32.0.21045.5002","Qwen3-30B-A3B","Q4_K_M","ngl=0","tg128","tok/s","15.05","","ok",""
"2026-09-30","llama.cpp","b11146","vulkan","win11","32.0.21045.5002","Qwen3-30B-A3B","Q4_K_M","ngl=8","pp512","tok/s","247.03","","ok",""
"2026-09-30","llama.cpp","b11146","vulkan","win11","32.0.21045.5002","Qwen3-30B-A3B","Q4_K_M","ngl=8","tg128","tok/s","20.27","","ok",""
"2026-09-30","llama.cpp","b11146","vulkan","win11","32.0.21045.5002","Qwen3-30B-A3B","Q4_K_M","ngl=16","pp512","tok/s","285.45","","ok",""
"2026-09-30","llama.cpp","b11146","vulkan","win11","32.0.21045.5002","Qwen3-30B-A3B","Q4_K_M","ngl=16","tg128","tok/s","23.93","","ok",""
"2026-09-30","llama.cpp","b11146","vulkan","win11","32.0.21045.5002","Qwen3-30B-A3B","Q4_K_M","ngl=20","pp512","tok/s","310.24","","ok",""
"2026-09-30","llama.cpp","b11146","vulkan","win11","32.0.21045.5002","Qwen3-30B-A3B","Q4_K_M","ngl=20","tg128","tok/s","26.46","","ok",""
"2026-09-30","llama.cpp","b11146","vulkan","win11","32.0.21045.5002","Qwen3-30B-A3B","Q4_K_M","ngl=24","pp512","tok/s","335.09","","ok",""
"2026-09-30","llama.cpp","b11146","vulkan","win11","32.0.21045.5002","Qwen3-30B-A3B","Q4_K_M","ngl=24","tg128","tok/s","28.86","","ok",""
"2026-09-30","llama.cpp","b11146","vulkan","win11","32.0.21045.5002","Qwen3-30B-A3B","Q4_K_M","ngl=28","pp512","tok/s","365.58","","ok",""
"2026-09-30","llama.cpp","b11146","vulkan","win11","32.0.21045.5002","Qwen3-30B-A3B","Q4_K_M","ngl=28","tg128","tok/s","32.48","","ok",""
"2026-09-30","llama.cpp","b11146","vulkan","win11","32.0.21045.5002","Qwen3-30B-A3B","Q4_K_M","ngl=30","pp512","tok/s","384.24","","ok",""
"2026-09-30","llama.cpp","b11146","vulkan","win11","32.0.21045.5002","Qwen3-30B-A3B","Q4_K_M","ngl=30","tg128","tok/s","34.12","","ok",""
"2026-09-30","llama.cpp","b11146","vulkan","win11","32.0.21045.5002","Qwen3-30B-A3B","Q4_K_M","ngl=99 ncmoe=48","pp512","tok/s","237.86","","ok",""
"2026-09-30","llama.cpp","b11146","vulkan","win11","32.0.21045.5002","Qwen3-30B-A3B","Q4_K_M","ngl=99 ncmoe=48","tg128","tok/s","18.52","","ok",""
"2026-09-30","llama.cpp","b11146","vulkan","win11","32.0.21045.5002","Qwen3-30B-A3B","Q4_K_M","ngl=99 ncmoe=40","pp512","tok/s","265.55","","ok",""
"2026-09-30","llama.cpp","b11146","vulkan","win11","32.0.21045.5002","Qwen3-30B-A3B","Q4_K_M","ngl=99 ncmoe=40","tg128","tok/s","21.08","","ok",""
"2026-09-30","llama.cpp","b11146","vulkan","win11","32.0.21045.5002","Qwen3-30B-A3B","Q4_K_M","ngl=99 ncmoe=32","pp512","tok/s","308.06","","ok",""
"2026-09-30","llama.cpp","b11146","vulkan","win11","32.0.21045.5002","Qwen3-30B-A3B","Q4_K_M","ngl=99 ncmoe=32","tg128","tok/s","24.87","","ok",""
"2026-09-30","llama.cpp","b11146","vulkan","win11","32.0.21045.5002","Qwen3-30B-A3B","Q4_K_M","ngl=99 ncmoe=24","pp512","tok/s","361.05","","ok",""
"2026-09-30","llama.cpp","b11146","vulkan","win11","32.0.21045.5002","Qwen3-30B-A3B","Q4_K_M","ngl=99 ncmoe=24","tg128","tok/s","28.51","","ok",""
"2026-09-30","llama.cpp","b11146","vulkan","win11","32.0.21045.5002","Qwen3-30B-A3B","Q4_K_M","ngl=99 ncmoe=20","pp512","tok/s","393.25","","ok",""
"2026-09-30","llama.cpp","b11146","vulkan","win11","32.0.21045.5002","Qwen3-30B-A3B","Q4_K_M","ngl=99 ncmoe=20","tg128","tok/s","31.42","","ok",""
"2026-09-30","llama.cpp","b11146","vulkan","win11","32.0.21045.5002","Qwen3-30B-A3B","Q4_K_M","ngl=99 ncmoe=18","pp512","tok/s","350.04","","ok",""
"2026-09-30","llama.cpp","b11146","vulkan","win11","32.0.21045.5002","Qwen3-30B-A3B","Q4_K_M","ngl=99 ncmoe=18","tg128","tok/s","33","","ok",""
"2026-10-04","stable-diffusion.cpp","3f8527a","vulkan","win11","32.0.21045.5002","SD1.5","fp16","euler_a","sd-512x512-20steps","steps/s","2.08","","ok","mean of 3 runs"
"2026-10-04","stable-diffusion.cpp","3f8527a","vulkan","win11","32.0.21045.5002","SD1.5","fp16","euler_a --diffusion-fa","sd-512x512-20steps","steps/s","1.23","","ok","mean of 3 runs"
"2026-10-04","stable-diffusion.cpp","3f8527a","vulkan","win11","32.0.21045.5002","SD1.5","fp16","dpm++2m","sd-512x512-20steps","steps/s","2.11","","ok","mean of 3 runs"
"2026-10-04","stable-diffusion.cpp","3f8527a","vulkan","win11","32.0.21045.5002","SD1.5","fp16","euler_a","sd-768x768-20steps","steps/s","0.07","","ok","mean of 3 runs"
"2026-10-04","whisper.cpp","b5130","cpu","win11","32.0.21045.5002","base.en","f16","threads=8","jfk-total","s","0.678","","ok","mean of 3 runs"
"2026-10-04","whisper.cpp","b5130","cpu","win11","32.0.21045.5002","base.en","f16","threads=8","jfk-encode","s","0.302","","ok","mean of 3 runs"
"2026-10-04","whisper.cpp","b5130","cpu","win11","32.0.21045.5002","large-v3","f16","threads=8","jfk-total","s","11.579","","ok","mean of 3 runs"
"2026-10-04","whisper.cpp","b5130","cpu","win11","32.0.21045.5002","large-v3","f16","threads=8","jfk-encode","s","6.967","","ok","mean of 3 runs"
