label,start,build_commit,build_number,cpu_info,gpu_info,backends,model_filename,model_type,model_size,model_n_params,n_batch,n_ubatch,n_threads,cpu_mask,cpu_strict,poll,type_k,type_v,n_gpu_layers,n_cpu_moe,split_mode,main_gpu,no_kv_offload,flash_attn,devices,tensor_split,tensor_buft_overrides,load_mode,lazy_mode,embeddings,no_op_offload,no_host,fit_target,fit_min_ctx,n_prompt,n_gen,n_depth,test_time,avg_ns,stddev_ns,avg_ts,stddev_ts
cpu-only,2026-09-30T17:52:51,"7fe450e19","11146","AMD Ryzen 7 5800X 8-Core Processor             ","AMD Radeon RX 6700 XT","Vulkan","C:\Code\LocalLLmSupport\scripts\..\models\Qwen3-30B-A3B-Q4_K_M.gguf","qwen3moe 30B.A3B Q4_K - Medium","18550716416","30532122624","2048","512","8","0x0","0","50","f16","f16","0","0","layer","0","0","-1","auto","0.00","none","auto","auto","0","1","0","0","0","512","0","0","2026-09-30T16:52:52Z","5729505366","90753546","89.376839","1.406245"
cpu-only,2026-09-30T17:52:51,"7fe450e19","11146","AMD Ryzen 7 5800X 8-Core Processor             ","AMD Radeon RX 6700 XT","Vulkan","C:\Code\LocalLLmSupport\scripts\..\models\Qwen3-30B-A3B-Q4_K_M.gguf","qwen3moe 30B.A3B Q4_K - Medium","18550716416","30532122624","2048","512","8","0x0","0","50","f16","f16","0","0","layer","0","0","-1","auto","0.00","none","auto","auto","0","1","0","0","0","0","128","0","2026-09-30T16:53:16Z","6204735366","18897110","20.629533","0.062721"
ngl0,2026-09-30T17:53:37,"7fe450e19","11146","AMD Ryzen 7 5800X 8-Core Processor             ","AMD Radeon RX 6700 XT","Vulkan","C:\Code\LocalLLmSupport\scripts\..\models\Qwen3-30B-A3B-Q4_K_M.gguf","qwen3moe 30B.A3B Q4_K - Medium","18550716416","30532122624","2048","512","8","0x0","0","50","f16","f16","0","0","layer","0","0","-1","auto","0.00","none","auto","auto","0","0","0","0","0","512","0","0","2026-09-30T16:53:38Z","2299856500","163652148","223.361787","15.592408"
ngl0,2026-09-30T17:53:37,"7fe450e19","11146","AMD Ryzen 7 5800X 8-Core Processor             ","AMD Radeon RX 6700 XT","Vulkan","C:\Code\LocalLLmSupport\scripts\..\models\Qwen3-30B-A3B-Q4_K_M.gguf","qwen3moe 30B.A3B Q4_K - Medium","18550716416","30532122624","2048","512","8","0x0","0","50","f16","f16","0","0","layer","0","0","-1","auto","0.00","none","auto","auto","0","0","0","0","0","0","128","0","2026-09-30T16:53:51Z","8504845566","35819700","15.050422","0.063261"
ngl8,2026-09-30T17:54:18,"7fe450e19","11146","AMD Ryzen 7 5800X 8-Core Processor             ","AMD Radeon RX 6700 XT","Vulkan","C:\Code\LocalLLmSupport\scripts\..\models\Qwen3-30B-A3B-Q4_K_M.gguf","qwen3moe 30B.A3B Q4_K - Medium","18550716416","30532122624","2048","512","8","0x0","0","50","f16","f16","8","0","layer","0","0","-1","auto","0.00","none","auto","auto","0","0","0","0","0","512","0","0","2026-09-30T16:54:20Z","2079404233","146503218","247.025475","17.066367"
ngl8,2026-09-30T17:54:18,"7fe450e19","11146","AMD Ryzen 7 5800X 8-Core Processor             ","AMD Radeon RX 6700 XT","Vulkan","C:\Code\LocalLLmSupport\scripts\..\models\Qwen3-30B-A3B-Q4_K_M.gguf","qwen3moe 30B.A3B Q4_K - Medium","18550716416","30532122624","2048","512","8","0x0","0","50","f16","f16","8","0","layer","0","0","-1","auto","0.00","none","auto","auto","0","0","0","0","0","0","128","0","2026-09-30T16:54:32Z","6316212666","15910675","20.265395","0.051078"
ngl16,2026-09-30T17:54:53,"7fe450e19","11146","AMD Ryzen 7 5800X 8-Core Processor             ","AMD Radeon RX 6700 XT","Vulkan","C:\Code\LocalLLmSupport\scripts\..\models\Qwen3-30B-A3B-Q4_K_M.gguf","qwen3moe 30B.A3B Q4_K - Medium","18550716416","30532122624","2048","512","8","0x0","0","50","f16","f16","16","0","layer","0","0","-1","auto","0.00","none","auto","auto","0","0","0","0","0","512","0","0","2026-09-30T16:54:57Z","1797671966","105135844","285.454660","16.469872"
ngl16,2026-09-30T17:54:53,"7fe450e19","11146","AMD Ryzen 7 5800X 8-Core Processor             ","AMD Radeon RX 6700 XT","Vulkan","C:\Code\LocalLLmSupport\scripts\..\models\Qwen3-30B-A3B-Q4_K_M.gguf","qwen3moe 30B.A3B Q4_K - Medium","18550716416","30532122624","2048","512","8","0x0","0","50","f16","f16","16","0","layer","0","0","-1","auto","0.00","none","auto","auto","0","0","0","0","0","0","128","0","2026-09-30T16:55:06Z","5348138200","41579602","23.934530","0.186694"
ngl20,2026-09-30T17:55:24,"7fe450e19","11146","AMD Ryzen 7 5800X 8-Core Processor             ","AMD Radeon RX 6700 XT","Vulkan","C:\Code\LocalLLmSupport\scripts\..\models\Qwen3-30B-A3B-Q4_K_M.gguf","qwen3moe 30B.A3B Q4_K - Medium","18550716416","30532122624","2048","512","8","0x0","0","50","f16","f16","20","0","layer","0","0","-1","auto","0.00","none","auto","auto","0","0","0","0","0","512","0","0","2026-09-30T16:55:28Z","1653744766","92034180","310.235404","17.124254"
ngl20,2026-09-30T17:55:24,"7fe450e19","11146","AMD Ryzen 7 5800X 8-Core Processor             ","AMD Radeon RX 6700 XT","Vulkan","C:\Code\LocalLLmSupport\scripts\..\models\Qwen3-30B-A3B-Q4_K_M.gguf","qwen3moe 30B.A3B Q4_K - Medium","18550716416","30532122624","2048","512","8","0x0","0","50","f16","f16","20","0","layer","0","0","-1","auto","0.00","none","auto","auto","0","0","0","0","0","0","128","0","2026-09-30T16:55:37Z","4838036033","9918209","26.457091","0.054173"
ngl24,2026-09-30T17:55:53,"7fe450e19","11146","AMD Ryzen 7 5800X 8-Core Processor             ","AMD Radeon RX 6700 XT","Vulkan","C:\Code\LocalLLmSupport\scripts\..\models\Qwen3-30B-A3B-Q4_K_M.gguf","qwen3moe 30B.A3B Q4_K - Medium","18550716416","30532122624","2048","512","8","0x0","0","50","f16","f16","24","0","layer","0","0","-1","auto","0.00","none","auto","auto","0","0","0","0","0","512","0","0","2026-09-30T16:55:58Z","1530027966","69344503","335.090978","15.115787"
ngl24,2026-09-30T17:55:53,"7fe450e19","11146","AMD Ryzen 7 5800X 8-Core Processor             ","AMD Radeon RX 6700 XT","Vulkan","C:\Code\LocalLLmSupport\scripts\..\models\Qwen3-30B-A3B-Q4_K_M.gguf","qwen3moe 30B.A3B Q4_K - Medium","18550716416","30532122624","2048","512","8","0x0","0","50","f16","f16","24","0","layer","0","0","-1","auto","0.00","none","auto","auto","0","0","0","0","0","0","128","0","2026-09-30T16:56:06Z","4435568333","62888298","28.861477","0.406765"
ngl28,2026-09-30T17:56:21,"7fe450e19","11146","AMD Ryzen 7 5800X 8-Core Processor             ","AMD Radeon RX 6700 XT","Vulkan","C:\Code\LocalLLmSupport\scripts\..\models\Qwen3-30B-A3B-Q4_K_M.gguf","qwen3moe 30B.A3B Q4_K - Medium","18550716416","30532122624","2048","512","8","0x0","0","50","f16","f16","28","0","layer","0","0","-1","auto","0.00","none","auto","auto","0","0","0","0","0","512","0","0","2026-09-30T16:56:27Z","1401886466","53785380","365.579742","13.983736"
ngl28,2026-09-30T17:56:21,"7fe450e19","11146","AMD Ryzen 7 5800X 8-Core Processor             ","AMD Radeon RX 6700 XT","Vulkan","C:\Code\LocalLLmSupport\scripts\..\models\Qwen3-30B-A3B-Q4_K_M.gguf","qwen3moe 30B.A3B Q4_K - Medium","18550716416","30532122624","2048","512","8","0x0","0","50","f16","f16","28","0","layer","0","0","-1","auto","0.00","none","auto","auto","0","0","0","0","0","0","128","0","2026-09-30T16:56:34Z","3940836066","7619641","32.480498","0.062855"
ngl30,2026-09-30T17:56:47,"7fe450e19","11146","AMD Ryzen 7 5800X 8-Core Processor             ","AMD Radeon RX 6700 XT","Vulkan","C:\Code\LocalLLmSupport\scripts\..\models\Qwen3-30B-A3B-Q4_K_M.gguf","qwen3moe 30B.A3B Q4_K - Medium","18550716416","30532122624","2048","512","8","0x0","0","50","f16","f16","30","0","layer","0","0","-1","auto","0.00","none","auto","auto","0","0","0","0","0","512","0","0","2026-09-30T16:56:54Z","1333024533","33068834","384.244809","9.424195"
ngl30,2026-09-30T17:56:47,"7fe450e19","11146","AMD Ryzen 7 5800X 8-Core Processor             ","AMD Radeon RX 6700 XT","Vulkan","C:\Code\LocalLLmSupport\scripts\..\models\Qwen3-30B-A3B-Q4_K_M.gguf","qwen3moe 30B.A3B Q4_K - Medium","18550716416","30532122624","2048","512","8","0x0","0","50","f16","f16","30","0","layer","0","0","-1","auto","0.00","none","auto","auto","0","0","0","0","0","0","128","0","2026-09-30T16:57:00Z","3752919800","93527953","34.120708","0.838475"
ncmoe48,2026-09-30T17:57:13,"7fe450e19","11146","AMD Ryzen 7 5800X 8-Core Processor             ","AMD Radeon RX 6700 XT","Vulkan","C:\Code\LocalLLmSupport\scripts\..\models\Qwen3-30B-A3B-Q4_K_M.gguf","qwen3moe 30B.A3B Q4_K - Medium","18550716416","30532122624","2048","512","8","0x0","0","50","f16","f16","99","48","layer","0","0","-1","auto","0.00","none","auto","auto","0","0","0","0","0","512","0","0","2026-09-30T16:57:15Z","2160414100","161897458","237.864114","17.477280"
ncmoe48,2026-09-30T17:57:13,"7fe450e19","11146","AMD Ryzen 7 5800X 8-Core Processor             ","AMD Radeon RX 6700 XT","Vulkan","C:\Code\LocalLLmSupport\scripts\..\models\Qwen3-30B-A3B-Q4_K_M.gguf","qwen3moe 30B.A3B Q4_K - Medium","18550716416","30532122624","2048","512","8","0x0","0","50","f16","f16","99","48","layer","0","0","-1","auto","0.00","none","auto","auto","0","0","0","0","0","0","128","0","2026-09-30T16:57:27Z","6913069933","22868395","18.515788","0.061367"
ncmoe40,2026-09-30T17:57:49,"7fe450e19","11146","AMD Ryzen 7 5800X 8-Core Processor             ","AMD Radeon RX 6700 XT","Vulkan","C:\Code\LocalLLmSupport\scripts\..\models\Qwen3-30B-A3B-Q4_K_M.gguf","qwen3moe 30B.A3B Q4_K - Medium","18550716416","30532122624","2048","512","8","0x0","0","50","f16","f16","99","40","layer","0","0","-1","auto","0.00","none","auto","auto","0","0","0","0","0","512","0","0","2026-09-30T16:57:52Z","1934736800","140936047","265.551752","18.878245"
ncmoe40,2026-09-30T17:57:49,"7fe450e19","11146","AMD Ryzen 7 5800X 8-Core Processor             ","AMD Radeon RX 6700 XT","Vulkan","C:\Code\LocalLLmSupport\scripts\..\models\Qwen3-30B-A3B-Q4_K_M.gguf","qwen3moe 30B.A3B Q4_K - Medium","18550716416","30532122624","2048","512","8","0x0","0","50","f16","f16","99","40","layer","0","0","-1","auto","0.00","none","auto","auto","0","0","0","0","0","0","128","0","2026-09-30T16:58:02Z","6071144966","19329175","21.083480","0.067105"
ncmoe32,2026-09-30T17:58:22,"7fe450e19","11146","AMD Ryzen 7 5800X 8-Core Processor             ","AMD Radeon RX 6700 XT","Vulkan","C:\Code\LocalLLmSupport\scripts\..\models\Qwen3-30B-A3B-Q4_K_M.gguf","qwen3moe 30B.A3B Q4_K - Medium","18550716416","30532122624","2048","512","8","0x0","0","50","f16","f16","99","32","layer","0","0","-1","auto","0.00","none","auto","auto","0","0","0","0","0","512","0","0","2026-09-30T16:58:26Z","1665796300","97541644","308.056098","17.827510"
ncmoe32,2026-09-30T17:58:22,"7fe450e19","11146","AMD Ryzen 7 5800X 8-Core Processor             ","AMD Radeon RX 6700 XT","Vulkan","C:\Code\LocalLLmSupport\scripts\..\models\Qwen3-30B-A3B-Q4_K_M.gguf","qwen3moe 30B.A3B Q4_K - Medium","18550716416","30532122624","2048","512","8","0x0","0","50","f16","f16","99","32","layer","0","0","-1","auto","0.00","none","auto","auto","0","0","0","0","0","0","128","0","2026-09-30T16:58:35Z","5146957933","11243272","24.869138","0.054345"
ncmoe24,2026-09-30T17:58:52,"7fe450e19","11146","AMD Ryzen 7 5800X 8-Core Processor             ","AMD Radeon RX 6700 XT","Vulkan","C:\Code\LocalLLmSupport\scripts\..\models\Qwen3-30B-A3B-Q4_K_M.gguf","qwen3moe 30B.A3B Q4_K - Medium","18550716416","30532122624","2048","512","8","0x0","0","50","f16","f16","99","24","layer","0","0","-1","auto","0.00","none","auto","auto","0","0","0","0","0","512","0","0","2026-09-30T16:58:58Z","1420194433","67086377","361.050535","17.043167"
ncmoe24,2026-09-30T17:58:52,"7fe450e19","11146","AMD Ryzen 7 5800X 8-Core Processor             ","AMD Radeon RX 6700 XT","Vulkan","C:\Code\LocalLLmSupport\scripts\..\models\Qwen3-30B-A3B-Q4_K_M.gguf","qwen3moe 30B.A3B Q4_K - Medium","18550716416","30532122624","2048","512","8","0x0","0","50","f16","f16","99","24","layer","0","0","-1","auto","0.00","none","auto","auto","0","0","0","0","0","0","128","0","2026-09-30T16:59:05Z","4489376966","25351349","28.512360","0.161532"
ncmoe20,2026-09-30T17:59:20,"7fe450e19","11146","AMD Ryzen 7 5800X 8-Core Processor             ","AMD Radeon RX 6700 XT","Vulkan","C:\Code\LocalLLmSupport\scripts\..\models\Qwen3-30B-A3B-Q4_K_M.gguf","qwen3moe 30B.A3B Q4_K - Medium","18550716416","30532122624","2048","512","8","0x0","0","50","f16","f16","99","20","layer","0","0","-1","auto","0.00","none","auto","auto","0","0","0","0","0","512","0","0","2026-09-30T16:59:26Z","1303372933","52405203","393.248961","15.748313"
ncmoe20,2026-09-30T17:59:20,"7fe450e19","11146","AMD Ryzen 7 5800X 8-Core Processor             ","AMD Radeon RX 6700 XT","Vulkan","C:\Code\LocalLLmSupport\scripts\..\models\Qwen3-30B-A3B-Q4_K_M.gguf","qwen3moe 30B.A3B Q4_K - Medium","18550716416","30532122624","2048","512","8","0x0","0","50","f16","f16","99","20","layer","0","0","-1","auto","0.00","none","auto","auto","0","0","0","0","0","0","128","0","2026-09-30T16:59:33Z","4074149700","22310023","31.418229","0.172572"
ncmoe18,2026-09-30T17:59:47,"7fe450e19","11146","AMD Ryzen 7 5800X 8-Core Processor             ","AMD Radeon RX 6700 XT","Vulkan","C:\Code\LocalLLmSupport\scripts\..\models\Qwen3-30B-A3B-Q4_K_M.gguf","qwen3moe 30B.A3B Q4_K - Medium","18550716416","30532122624","2048","512","8","0x0","0","50","f16","f16","99","18","layer","0","0","-1","auto","0.00","none","auto","auto","0","0","0","0","0","512","0","0","2026-09-30T16:59:53Z","1463674133","47053266","350.043905","11.165829"
ncmoe18,2026-09-30T17:59:47,"7fe450e19","11146","AMD Ryzen 7 5800X 8-Core Processor             ","AMD Radeon RX 6700 XT","Vulkan","C:\Code\LocalLLmSupport\scripts\..\models\Qwen3-30B-A3B-Q4_K_M.gguf","qwen3moe 30B.A3B Q4_K - Medium","18550716416","30532122624","2048","512","8","0x0","0","50","f16","f16","99","18","layer","0","0","-1","auto","0.00","none","auto","auto","0","0","0","0","0","0","128","0","2026-09-30T17:00:00Z","3879272100","33081451","32.997474","0.280284"
